orderid,customerid,employeeid,orderdate,requireddate,shippeddate,shipvia,freight,shipname,shipaddress,shipcity,shipregion,shippostalcode,shipcountry
10248,VINET,5,1996-07-04T00:00:00,1996-08-01T00:00:00,1996-07-16T00:00:00,3,32.38,Vins et alcools Chevalier,59 rue de l-Abbaye,Reims,,51100,France
10249,TOMSP,6,1996-07-05T00:00:00,1996-08-16T00:00:00,1996-07-10T00:00:00,1,11.61,Toms Spezialitten,Luisenstr. 48,Mnster,,44087,Germany
10252,SUPRD,4,1996-07-09T00:00:00,1996-08-06T00:00:00,1996-07-11T00:00:00,2,51.3,Suprmes dlices,"Boulevard Tirou, 255",Charleroi,,B-6000,Belgium
10262,RATTC,8,1996-07-22T00:00:00,1996-08-19T00:00:00,1996-07-25T00:00:00,3,48.29,Rattlesnake Canyon Grocery,2817 Milton Dr.,Albuquerque,NM,87110,USA
10263,ERNSH,9,1996-07-23T00:00:00,1996-08-20T00:00:00,1996-07-31T00:00:00,3,146.06,Ernst Handel,Kirchgasse 6,Graz,,8010,Austria
10264,FOLKO,6,1996-07-24T00:00:00,1996-08-21T00:00:00,1996-08-23T00:00:00,3,3.67,Folk och f HB,kergatan 24,Brcke,,S-844 67,Sweden
10265,BLONP,2,1996-07-25T00:00:00,1996-08-22T00:00:00,1996-08-12T00:00:00,1,55.28,Blondel pre et fils,"24, place Klber",Strasbourg,,67000,France
10295,VINET,2,1996-09-02T00:00:00,1996-09-30T00:00:00,1996-09-10T00:00:00,2,1.15,Vins et alcools Chevalier,59 rue de l-Abbaye,Reims,,51100,France
10303,GODOS,7,1996-09-11T00:00:00,1996-10-09T00:00:00,1996-09-18T00:00:00,2,107.83,Godos Cocina Tpica,"C/ Romero, 33",Sevilla,,41101,Spain
10307,LONEP,2,1996-09-17T00:00:00,1996-10-15T00:00:00,1996-09-25T00:00:00,2,0.56,Lonesome Pine Restaurant,89 Chiaroscuro Rd.,Portland,OR,97219,USA
10321,ISLAT,3,1996-10-03T00:00:00,1996-10-31T00:00:00,1996-10-11T00:00:00,2,3.43,Island Trading,Garden House Crowther Way,Cowes,Isle of Wight,PO31 7PJ,UK
10336,PRINI,7,1996-10-23T00:00:00,1996-11-20T00:00:00,1996-10-25T00:00:00,2,15.51,Princesa Isabel Vinhos,Estrada da sade n. 58,Lisboa,,1756,Portugal
10337,FRANK,4,1996-10-24T00:00:00,1996-11-21T00:00:00,1996-10-29T00:00:00,3,108.26,Frankenversand,Berliner Platz 43,Mnchen,,80805,Germany
10340,BONAP,1,1996-10-29T00:00:00,1996-11-26T00:00:00,1996-11-08T00:00:00,3,166.31,Bon app-,"12, rue des Bouchers",Marseille,,13008,France
10355,AROUT,6,1996-11-15T00:00:00,1996-12-13T00:00:00,1996-11-20T00:00:00,1,41.95,Around the Horn,Brook Farm Stratford St. Mary,Colchester,Essex,CO7 6JX,UK
10362,BONAP,3,1996-11-25T00:00:00,1996-12-23T00:00:00,1996-11-28T00:00:00,1,96.04,Bon app-,"12, rue des Bouchers",Marseille,,13008,France
10363,DRACD,4,1996-11-26T00:00:00,1996-12-24T00:00:00,1996-12-04T00:00:00,3,30.54,Drachenblut Delikatessen,Walserweg 21,Aachen,,52066,Germany
10370,CHOPS,6,1996-12-03T00:00:00,1996-12-31T00:00:00,1996-12-27T00:00:00,2,1.17,Chop-suey Chinese,Hauptstr. 31,Bern,,3012,Switzerland
10383,AROUT,8,1996-12-16T00:00:00,1997-01-13T00:00:00,1996-12-18T00:00:00,3,34.24,Around the Horn,Brook Farm Stratford St. Mary,Colchester,Essex,CO7 6JX,UK
10393,SAVEA,1,1996-12-25T00:00:00,1997-01-22T00:00:00,1997-01-03T00:00:00,3,126.56,Save-a-lot Markets,187 Suffolk Ln.,Boise,ID,83720,USA
10402,ERNSH,8,1997-01-02T00:00:00,1997-02-13T00:00:00,1997-01-10T00:00:00,2,67.88,Ernst Handel,Kirchgasse 6,Graz,,8010,Austria
10403,ERNSH,4,1997-01-03T00:00:00,1997-01-31T00:00:00,1997-01-09T00:00:00,3,73.79,Ernst Handel,Kirchgasse 6,Graz,,8010,Austria
10407,OTTIK,2,1997-01-07T00:00:00,1997-02-04T00:00:00,1997-01-30T00:00:00,2,91.48,Ottilies Kseladen,Mehrheimerstr. 369,Kln,,50739,Germany
10408,FOLIG,8,1997-01-08T00:00:00,1997-02-05T00:00:00,1997-01-14T00:00:00,1,11.26,Folies gourmandes,"184, chausse de Tournai",Lille,,59000,France
10411,BOTTM,9,1997-01-10T00:00:00,1997-02-07T00:00:00,1997-01-21T00:00:00,3,23.65,Bottom-Dollar Markets,23 Tsawassen Blvd.,Tsawassen,BC,T2F 8M4,Canada
10436,BLONP,3,1997-02-05T00:00:00,1997-03-05T00:00:00,1997-02-11T00:00:00,2,156.66,Blondel pre et fils,"24, place Klber",Strasbourg,,67000,France
10445,BERGS,3,1997-02-13T00:00:00,1997-03-13T00:00:00,1997-02-20T00:00:00,1,9.3,Berglunds snabbkp,Berguvsvgen 8,Lule,,S-958 22,Sweden
10451,QUICK,4,1997-02-19T00:00:00,1997-03-05T00:00:00,1997-03-12T00:00:00,3,189.09,QUICK-Stop,Taucherstrae 10,Cunewalde,,1307,Germany
10455,WARTH,8,1997-02-24T00:00:00,1997-04-07T00:00:00,1997-03-03T00:00:00,2,180.45,Wartian Herkku,Torikatu 38,Oulu,,90110,Finland
10458,SUPRD,7,1997-02-26T00:00:00,1997-03-26T00:00:00,1997-03-04T00:00:00,3,147.06,Suprmes dlices,"Boulevard Tirou, 255",Charleroi,,B-6000,Belgium
10462,CONSH,2,1997-03-03T00:00:00,1997-03-31T00:00:00,1997-03-18T00:00:00,1,6.17,Consolidated Holdings,Berkeley Gardens 12 Brewery,London,,WX1 6LT,UK
10467,MAGAA,8,1997-03-06T00:00:00,1997-04-03T00:00:00,1997-03-11T00:00:00,2,4.93,Magazzini Alimentari Riuniti,Via Ludovico il Moro 22,Bergamo,,24100,Italy
10478,VICTE,2,1997-03-18T00:00:00,1997-04-01T00:00:00,1997-03-26T00:00:00,3,4.81,Victuailles en stock,"2, rue du Commerce",Lyon,,69004,France
10486,HILAA,1,1997-03-26T00:00:00,1997-04-23T00:00:00,1997-04-02T00:00:00,2,30.53,HILARION-Abastos,Carrera 22 con Ave. Carlos Soublette #8-35,San Cristbal,Tchira,5022,Venezuela
10489,PICCO,6,1997-03-28T00:00:00,1997-04-25T00:00:00,1997-04-09T00:00:00,2,5.29,Piccolo und mehr,Geislweg 14,Salzburg,,5020,Austria
10512,FAMIA,7,1997-04-21T00:00:00,1997-05-19T00:00:00,1997-04-24T00:00:00,2,3.53,Familia Arquibaldo,"Rua Ors, 92",Sao Paulo,SP,05442-030,Brazil
10517,NORTS,3,1997-04-24T00:00:00,1997-05-22T00:00:00,1997-04-29T00:00:00,3,32.07,North/South,South House 300 Queensbridge,London,,SW7 1RZ,UK
10536,LEHMS,3,1997-05-14T00:00:00,1997-06-11T00:00:00,1997-06-06T00:00:00,2,58.88,Lehmanns Marktstand,Magazinweg 7,Frankfurt a.M.,,60528,Germany
10541,HANAR,2,1997-05-19T00:00:00,1997-06-16T00:00:00,1997-05-29T00:00:00,1,68.65,Hanari Carnes,"Rua do Pao, 67",Rio de Janeiro,RJ,05454-876,Brazil
10553,WARTH,2,1997-05-30T00:00:00,1997-06-27T00:00:00,1997-06-03T00:00:00,2,149.49,Wartian Herkku,Torikatu 38,Oulu,,90110,Finland
10555,SAVEA,6,1997-06-02T00:00:00,1997-06-30T00:00:00,1997-06-04T00:00:00,3,252.49,Save-a-lot Markets,187 Suffolk Ln.,Boise,ID,83720,USA
10566,BLONP,9,1997-06-12T00:00:00,1997-07-10T00:00:00,1997-06-18T00:00:00,1,88.4,Blondel pre et fils,"24, place Klber",Strasbourg,,67000,France
10571,ERNSH,8,1997-06-17T00:00:00,1997-07-29T00:00:00,1997-07-04T00:00:00,3,26.06,Ernst Handel,Kirchgasse 6,Graz,,8010,Austria
10575,MORGK,5,1997-06-20T00:00:00,1997-07-04T00:00:00,1997-06-30T00:00:00,1,127.34,Morgenstern Gesundkost,Heerstr. 22,Leipzig,,4179,Germany
10603,SAVEA,8,1997-07-18T00:00:00,1997-08-15T00:00:00,1997-08-08T00:00:00,2,48.77,Save-a-lot Markets,187 Suffolk Ln.,Boise,ID,83720,USA
10604,FURIB,1,1997-07-18T00:00:00,1997-08-15T00:00:00,1997-07-29T00:00:00,1,7.46,Furia Bacalhau e Frutos do Mar,Jardim das rosas n. 32,Lisboa,,1675,Portugal
10609,DUMON,7,1997-07-24T00:00:00,1997-08-21T00:00:00,1997-07-30T00:00:00,2,1.85,Du monde entier,"67, rue des Cinquante Otages",Nantes,,44000,France
10618,MEREP,1,1997-08-01T00:00:00,1997-09-12T00:00:00,1997-08-08T00:00:00,1,154.68,Mre Paillarde,43 rue St. Laurent,Montral,Qubec,H1J 1C3,Canada
10623,FRANK,8,1997-08-07T00:00:00,1997-09-04T00:00:00,1997-08-12T00:00:00,2,97.18,Frankenversand,Berliner Platz 43,Mnchen,,80805,Germany
10625,ANATR,3,1997-08-08T00:00:00,1997-09-05T00:00:00,1997-08-14T00:00:00,1,43.9,Ana Trujillo Emparedados y helados,Avda. de la Constitucin 2222,Mxico D.F.,,5021,Mexico
10677,ANTON,1,1997-09-22T00:00:00,1997-10-20T00:00:00,1997-09-26T00:00:00,3,4.03,Antonio Moreno Taquera,Mataderos 2312,Mxico D.F.,,5023,Mexico
10687,HUNGO,9,1997-09-30T00:00:00,1997-10-28T00:00:00,1997-10-30T00:00:00,2,296.43,Hungry Owl All-Night Grocers,8 Johnstown Road,Cork,Co. Cork,,Ireland
10691,QUICK,2,1997-10-03T00:00:00,1997-11-14T00:00:00,1997-10-22T00:00:00,2,810.05,QUICK-Stop,Taucherstrae 10,Cunewalde,,1307,Germany
10694,QUICK,8,1997-10-06T00:00:00,1997-11-03T00:00:00,1997-10-09T00:00:00,3,398.36,QUICK-Stop,Taucherstrae 10,Cunewalde,,1307,Germany
10698,ERNSH,4,1997-10-09T00:00:00,1997-11-06T00:00:00,1997-10-17T00:00:00,1,272.47,Ernst Handel,Kirchgasse 6,Graz,,8010,Austria
10703,FOLKO,6,1997-10-14T00:00:00,1997-11-11T00:00:00,1997-10-20T00:00:00,2,152.3,Folk och f HB,kergatan 24,Brcke,,S-844 67,Sweden
10712,HUNGO,3,1997-10-21T00:00:00,1997-11-18T00:00:00,1997-10-31T00:00:00,1,89.93,Hungry Owl All-Night Grocers,8 Johnstown Road,Cork,Co. Cork,,Ireland
10720,QUEDE,8,1997-10-28T00:00:00,1997-11-11T00:00:00,1997-11-05T00:00:00,2,9.53,Que Delcia,"Rua da Panificadora, 12",Rio de Janeiro,RJ,02389-673,Brazil
10723,WHITC,3,1997-10-30T00:00:00,1997-11-27T00:00:00,1997-11-25T00:00:00,1,21.72,White Clover Markets,1029 - 12th Ave. S.,Seattle,WA,98124,USA
10738,SPECD,2,1997-11-12T00:00:00,1997-12-10T00:00:00,1997-11-18T00:00:00,1,2.91,Spcialits du monde,"25, rue Lauriston",Paris,,75016,France
10748,SAVEA,3,1997-11-20T00:00:00,1997-12-18T00:00:00,1997-11-28T00:00:00,1,232.55,Save-a-lot Markets,187 Suffolk Ln.,Boise,ID,83720,USA
10753,FRANS,3,1997-11-25T00:00:00,1997-12-23T00:00:00,1997-11-27T00:00:00,1,7.7,Franchi S.p.A.,Via Monte Bianco 34,Torino,,10100,Italy
10779,MORGK,3,1997-12-16T00:00:00,1998-01-13T00:00:00,1998-01-14T00:00:00,2,58.13,Morgenstern Gesundkost,Heerstr. 22,Leipzig,,4179,Germany
10787,LAMAI,2,1997-12-19T00:00:00,1998-01-02T00:00:00,1997-12-26T00:00:00,1,249.93,La maison d-Asie,1 rue Alsace-Lorraine,Toulouse,,31000,France
10788,QUICK,1,1997-12-22T00:00:00,1998-01-19T00:00:00,1998-01-19T00:00:00,2,42.7,QUICK-Stop,Taucherstrae 10,Cunewalde,,1307,Germany
10793,AROUT,3,1997-12-24T00:00:00,1998-01-21T00:00:00,1998-01-08T00:00:00,3,4.52,Around the Horn,Brook Farm Stratford St. Mary,Colchester,Essex,CO7 6JX,UK
10810,LAUGB,2,1998-01-01T00:00:00,1998-01-29T00:00:00,1998-01-07T00:00:00,3,4.33,Laughing Bacchus Wine Cellars,2319 Elm St.,Vancouver,BC,V3F 2K1,Canada
10812,REGGC,5,1998-01-02T00:00:00,1998-01-30T00:00:00,1998-01-12T00:00:00,1,59.78,Reggiani Caseifici,Strada Provinciale 124,Reggio Emilia,,42100,Italy
10833,OTTIK,6,1998-01-15T00:00:00,1998-02-12T00:00:00,1998-01-23T00:00:00,2,71.49,Ottilies Kseladen,Mehrheimerstr. 369,Kln,,50739,Germany
10834,TRADH,1,1998-01-15T00:00:00,1998-02-12T00:00:00,1998-01-19T00:00:00,3,29.78,Tradiao Hipermercados,"Av. Ins de Castro, 414",Sao Paulo,SP,05634-030,Brazil
10854,ERNSH,3,1998-01-27T00:00:00,1998-02-24T00:00:00,1998-02-05T00:00:00,2,100.22,Ernst Handel,Kirchgasse 6,Graz,,8010,Austria
10872,GODOS,5,1998-02-05T00:00:00,1998-03-05T00:00:00,1998-02-09T00:00:00,2,175.32,Godos Cocina Tpica,"C/ Romero, 33",Sevilla,,41101,Spain
10875,BERGS,4,1998-02-06T00:00:00,1998-03-06T00:00:00,1998-03-03T00:00:00,2,32.37,Berglunds snabbkp,Berguvsvgen 8,Lule,,S-958 22,Sweden
10909,SANTG,1,1998-02-26T00:00:00,1998-03-26T00:00:00,1998-03-10T00:00:00,2,53.05,Sant Gourmet,Erling Skakkes gate 78,Stavern,,4110,Norway
10923,LAMAI,7,1998-03-03T00:00:00,1998-04-14T00:00:00,1998-03-13T00:00:00,3,68.26,La maison d-Asie,1 rue Alsace-Lorraine,Toulouse,,31000,France
10934,LEHMS,3,1998-03-09T00:00:00,1998-04-06T00:00:00,1998-03-12T00:00:00,3,32.01,Lehmanns Marktstand,Magazinweg 7,Frankfurt a.M.,,60528,Germany
10935,WELLI,4,1998-03-09T00:00:00,1998-04-06T00:00:00,1998-03-18T00:00:00,3,47.59,Wellington Importadora,"Rua do Mercado, 12",Resende,SP,08737-363,Brazil
10939,MAGAA,2,1998-03-10T00:00:00,1998-04-07T00:00:00,1998-03-13T00:00:00,2,76.33,Magazzini Alimentari Riuniti,Via Ludovico il Moro 22,Bergamo,,24100,Italy
10951,RICSU,9,1998-03-16T00:00:00,1998-04-27T00:00:00,1998-04-07T00:00:00,2,30.85,Richter Supermarkt,Starenweg 5,Genve,,1204,Switzerland
10963,FURIB,9,1998-03-19T00:00:00,1998-04-16T00:00:00,1998-03-26T00:00:00,3,2.7,Furia Bacalhau e Frutos do Mar,Jardim das rosas n. 32,Lisboa,,1675,Portugal
10968,ERNSH,1,1998-03-23T00:00:00,1998-04-20T00:00:00,1998-04-01T00:00:00,3,74.6,Ernst Handel,Kirchgasse 6,Graz,,8010,Austria
10969,COMMI,1,1998-03-23T00:00:00,1998-04-20T00:00:00,1998-03-30T00:00:00,2,0.21,Comrcio Mineiro,"Av. dos Lusadas, 23",Sao Paulo,SP,05432-043,Brazil
10973,LACOR,6,1998-03-24T00:00:00,1998-04-21T00:00:00,1998-03-27T00:00:00,2,15.17,La corne d-abondance,"67, avenue de l-Europe",Versailles,,78000,France
10994,VAFFE,2,1998-04-02T00:00:00,1998-04-16T00:00:00,1998-04-09T00:00:00,3,65.53,Vaffeljernet,Smagsloget 45,rhus,,8200,Denmark
10995,PERIC,1,1998-04-02T00:00:00,1998-04-30T00:00:00,1998-04-06T00:00:00,3,46.0,Pericles Comidas clsicas,Calle Dr. Jorge Cash 321,Mxico D.F.,,5033,Mexico
11015,SANTG,2,1998-04-10T00:00:00,1998-04-24T00:00:00,1998-04-20T00:00:00,2,4.62,Sant Gourmet,Erling Skakkes gate 78,Stavern,,4110,Norway
11017,ERNSH,9,1998-04-13T00:00:00,1998-05-11T00:00:00,1998-04-20T00:00:00,2,754.26,Ernst Handel,Kirchgasse 6,Graz,,8010,Austria
11022,HANAR,9,1998-04-14T00:00:00,1998-05-12T00:00:00,1998-05-04T00:00:00,2,6.27,Hanari Carnes,"Rua do Pao, 67",Rio de Janeiro,RJ,05454-876,Brazil
11025,WARTH,6,1998-04-15T00:00:00,1998-05-13T00:00:00,1998-04-24T00:00:00,3,29.17,Wartian Herkku,Torikatu 38,Oulu,,90110,Finland
11032,WHITC,2,1998-04-17T00:00:00,1998-05-15T00:00:00,1998-04-23T00:00:00,3,606.19,White Clover Markets,1029 - 12th Ave. S.,Seattle,WA,98124,USA
11033,RICSU,7,1998-04-17T00:00:00,1998-05-15T00:00:00,1998-04-23T00:00:00,3,84.74,Richter Supermarkt,Starenweg 5,Genve,,1204,Switzerland
11062,REGGC,4,1998-04-30T00:00:00,1998-05-28T00:00:00,,2,29.93,Reggiani Caseifici,Strada Provinciale 124,Reggio Emilia,,42100,Italy
11064,SAVEA,1,1998-05-01T00:00:00,1998-05-29T00:00:00,1998-05-04T00:00:00,1,30.09,Save-a-lot Markets,187 Suffolk Ln.,Boise,ID,83720,USA
11065,LILAS,8,1998-05-01T00:00:00,1998-05-29T00:00:00,,1,12.91,LILA-Supermercado,Carrera 52 con Ave. Bolvar #65-98 Llano Largo,Barquisimeto,Lara,3508,Venezuela
11072,ERNSH,4,1998-05-05T00:00:00,1998-06-02T00:00:00,,2,258.64,Ernst Handel,Kirchgasse 6,Graz,,8010,Austria
