provider_no,provider_name,street,city,state_prov,mail_code,country,phone_no,issue_dt,expr_dt,region_no,provider_code
70,Prov. Giant Tra, , ,,,,,1999-10-13T10:41:19,2000-10-12T10:41:19,9,
176,Prov. Humble Pe, , ,,,,,1999-10-13T10:41:20,2000-10-12T10:41:20,8,
316,Prov. Boston Pe, , ,,,,,1999-10-13T10:41:22,2000-10-12T10:41:22,9,
332,Prov. Driven Li, , ,,,,,1999-10-13T10:41:22,2000-10-12T10:41:22,5,
339,Prov. Driven Sa, , ,,,,,1999-10-13T10:41:22,2000-10-12T10:41:22,8,
345,Prov. Expert Op, , ,,,,,1999-10-13T10:41:22,2000-10-12T10:41:22,7,
352,Prov. Famous Li, , ,,,,,1999-10-13T10:41:22,2000-10-12T10:41:22,9,
355,Prov. Famous Op, , ,,,,,1999-10-13T10:41:22,2000-10-12T10:41:22,8,
359,Prov. Famous Sa, , ,,,,,1999-10-13T10:41:22,2000-10-12T10:41:22,7,
368,Prov. Giant Res, , ,,,,,1999-10-13T10:41:22,2000-10-12T10:41:22,9,
373,Prov. Humble Ma, , ,,,,,1999-10-13T10:41:22,2000-10-12T10:41:22,9,
375,Prov. Humble Op, , ,,,,,1999-10-13T10:41:22,2000-10-12T10:41:22,9,
382,Prov. Imperial, , ,,,,,1999-10-13T10:41:22,2000-10-12T10:41:22,9,
383,Prov. Imperial, , ,,,,,1999-10-13T10:41:22,2000-10-12T10:41:22,6,
391,Prov. Just Key, , ,,,,,1999-10-13T10:41:23,2000-10-12T10:41:23,4,
393,Prov. Just Mach, , ,,,,,1999-10-13T10:41:23,2000-10-12T10:41:23,8,
397,Prov. Just Ques, , ,,,,,1999-10-13T10:41:23,2000-10-12T10:41:23,7,
398,Prov. Just Rest, , ,,,,,1999-10-13T10:41:23,2000-10-12T10:41:23,5,
408,Prov. Apex Rest, , ,,,,,1999-10-13T10:41:23,2000-10-12T10:41:23,9,
418,Prov. Boston Re, , ,,,,,1999-10-13T10:41:23,2000-10-12T10:41:23,9,
436,Prov. Driven Pe, , ,,,,,1999-10-13T10:41:23,2000-10-12T10:41:23,9,
438,Prov. Driven Re, , ,,,,,1999-10-13T10:41:23,2000-10-12T10:41:23,9,
441,Prov. Expert Ke, , ,,,,,1999-10-13T10:41:23,2000-10-12T10:41:23,9,
445,Prov. Expert Op, , ,,,,,1999-10-13T10:41:23,2000-10-12T10:41:23,8,
451,Prov. Famous Ke, , ,,,,,1999-10-13T10:41:23,2000-10-12T10:41:23,9,
458,Prov. Famous Re, , ,,,,,1999-10-13T10:41:23,2000-10-12T10:41:23,5,
461,Prov. Giant Key, , ,,,,,1999-10-13T10:41:23,2000-10-12T10:41:23,6,
462,Prov. Giant Lig, , ,,,,,1999-10-13T10:41:23,2000-10-12T10:41:23,8,
463,Prov. Giant Mac, , ,,,,,1999-10-13T10:41:23,2000-10-12T10:41:23,9,
466,Prov. Giant Pet, , ,,,,,1999-10-13T10:41:23,2000-10-12T10:41:23,8,
467,Prov. Giant Que, , ,,,,,1999-10-13T10:41:23,2000-10-12T10:41:23,8,
472,Prov. Humble Li, , ,,,,,1999-10-13T10:41:24,2000-10-12T10:41:24,7,
473,Prov. Humble Ma, , ,,,,,1999-10-13T10:41:24,2000-10-12T10:41:24,9,
478,Prov. Humble Re, , ,,,,,1999-10-13T10:41:24,2000-10-12T10:41:24,9,
479,Prov. Humble Sa, , ,,,,,1999-10-13T10:41:24,2000-10-12T10:41:24,4,
480,Prov. Humble Tr, , ,,,,,1999-10-13T10:41:24,2000-10-12T10:41:24,7,
484,Prov. Imperial, , ,,,,,1999-10-13T10:41:24,2000-10-12T10:41:24,7,
485,Prov. Imperial, , ,,,,,1999-10-13T10:41:24,2000-10-12T10:41:24,8,
488,Prov. Imperial, , ,,,,,1999-10-13T10:41:24,2000-10-12T10:41:24,9,
489,Prov. Imperial, , ,,,,,1999-10-13T10:41:24,2000-10-12T10:41:24,9,
491,Prov. Just Key, , ,,,,,1999-10-13T10:41:24,2000-10-12T10:41:24,9,
492,Prov. Just Ligh, , ,,,,,1999-10-13T10:41:24,2000-10-12T10:41:24,8,
493,Prov. Just Mach, , ,,,,,1999-10-13T10:41:24,2000-10-12T10:41:24,8,
494,Prov. Just Need, , ,,,,,1999-10-13T10:41:24,2000-10-12T10:41:24,3,
495,Prov. Just Oper, , ,,,,,1999-10-13T10:41:24,2000-10-12T10:41:24,8,
496,Prov. Just Petr, , ,,,,,1999-10-13T10:41:24,2000-10-12T10:41:24,8,
497,Prov. Just Ques, , ,,,,,1999-10-13T10:41:24,2000-10-12T10:41:24,7,
498,Prov. Just Rest, , ,,,,,1999-10-13T10:41:24,2000-10-12T10:41:24,4,
499,Prov. Just Sail, , ,,,,,1999-10-13T10:41:24,2000-10-12T10:41:24,8,
500,Prov. Just Tran, , ,,,,,1999-10-13T10:41:24,2000-10-12T10:41:24,8,
344,Prov. Expert Ne, , ,,,,,1999-10-13T10:41:22,2000-10-12T10:41:22,9,
243,Prov. Expert Ma, , ,,,,,1999-10-13T10:41:21,2000-10-12T10:41:21,7,
20,Prov. Boston Tr, , ,,,,,1999-10-13T10:41:18,2000-10-12T10:41:18,9,
52,Prov. Famous Li, , ,,,,,1999-10-13T10:41:19,2000-10-12T10:41:19,9,
427,Prov. Computer, , ,,,,,1999-10-13T10:41:23,2000-10-12T10:41:23,9,
94,Prov. Just Need, , ,,,,,1999-10-13T10:41:19,2000-10-12T10:41:19,7,
437,Prov. Driven Qu, , ,,,,,1999-10-13T10:41:23,2000-10-12T10:41:23,6,
62,Prov. Giant Lig, , ,,,,,1999-10-13T10:41:19,2000-10-12T10:41:19,9,
135,Prov. Driven Op, , ,,,,,1999-10-13T10:41:20,2000-10-12T10:41:20,9,
417,Prov. Boston Qu, , ,,,,,1999-10-13T10:41:23,2000-10-12T10:41:23,7,
65,Prov. Giant Ope, , ,,,,,1999-10-13T10:41:19,2000-10-12T10:41:19,9,
51,Prov. Famous Ke, , ,,,,,1999-10-13T10:41:19,2000-10-12T10:41:19,6,
236,Prov. Driven Pe, , ,,,,,1999-10-13T10:41:21,2000-10-12T10:41:21,7,
117,Prov. Boston Qu, , ,,,,,1999-10-13T10:41:19,2000-10-12T10:41:19,8,
296,Prov. Just Petr, , ,,,,,1999-10-13T10:41:21,2000-10-12T10:41:21,9,
46,Prov. Expert Pe, , ,,,,,1999-10-13T10:41:18,2000-10-12T10:41:18,7,
87,Prov. Imperial, , ,,,,,1999-10-13T10:41:19,2000-10-12T10:41:19,9,
447,Prov. Expert Qu, , ,,,,,1999-10-13T10:41:23,2000-10-12T10:41:23,8,
367,Prov. Giant Que, , ,,,,,1999-10-13T10:41:22,2000-10-12T10:41:22,6,
459,Prov. Famous Sa, , ,,,,,1999-10-13T10:41:23,2000-10-12T10:41:23,9,
280,Prov. Humble Tr, , ,,,,,1999-10-13T10:41:21,2000-10-12T10:41:21,9,
346,Prov. Expert Pe, , ,,,,,1999-10-13T10:41:22,2000-10-12T10:41:22,9,
27,Prov. Computer, , ,,,,,1999-10-13T10:41:18,2000-10-12T10:41:18,8,
430,Prov. Computer, , ,,,,,1999-10-13T10:41:23,2000-10-12T10:41:23,9,
141,Prov. Expert Ke, , ,,,,,1999-10-13T10:41:20,2000-10-12T10:41:20,9,
